{"filename": "pyntcloud_plot", "camera_position": [22.947332424276226, 19.873859634775105, 35.29409408569336], "look_at": [-0.1574887696518967, 2.452438820686744, 8.654542874700434], "point_size": 0.001, "point_opacity": 0.9, "polylines_points": [], "polylines_colors": []}