{"filename": "pyntcloud_plot", "camera_position": [11.980198780200476, 11.353871293870101, 35.15391159057617], "look_at": [0.2629655166876576, 1.4020061197897147, 8.577745629552885], "point_size": 0.3, "point_opacity": 0.9, "polylines_points": [], "polylines_colors": []}