{"filename": "pyntcloud_plot", "camera_position": [846.0, 1020.0, 0.0], "look_at": [113.33578088148585, 117.95886921432783, -47.953875710381695], "point_size": 0.3, "point_opacity": 0.9, "polylines_points": [], "polylines_colors": []}