{"filename": "pyntcloud_plot", "camera_position": [163.81260096930532, 176.46926956846627, 69.140625], "look_at": [23.18046341604001, 18.75648215643301, 15.245193350445856], "point_size": 0.3, "point_opacity": 0.9, "polylines_points": [], "polylines_colors": []}