{"filename": "pyntcloud_plot", "camera_position": [942.0, 1212.0, 0.0], "look_at": [255.93725454965477, 315.9357486930705, -209.06452577659797], "point_size": 0.3, "point_opacity": 0.9, "polylines_points": [], "polylines_colors": []}