{"filename": "pyntcloud_plot", "camera_position": [1020.0, 0.0, 0.0], "look_at": [346.8101175993512, -259.56489688332755, -303.18750724131274], "point_size": 0.3, "point_opacity": 0.9, "polylines_points": [], "polylines_colors": []}