{"filename": "pyntcloud_plot", "camera_position": [942.0, 1212.0, 0.0], "look_at": [194.747255859375, 240.40118815104168, -159.08095429161096], "point_size": 0.3, "point_opacity": 0.9, "polylines_points": [], "polylines_colors": []}