{"filename": "pyntcloud_plot", "camera_position": [19.62626881640644, 7.991015688045991, 35.292808532714844], "look_at": [-0.17758453985390343, -1.5690532348716983, 9.985071972941158], "point_size": 0.001, "point_opacity": 0.9, "polylines_points": [], "polylines_colors": []}