{"filename": "pyntcloud_plot", "camera_position": [14.88688071115618, 7.001028876908267, 26.10858917236328], "look_at": [-1.2785592117522944, -1.254531599176479, 7.9669448360520105], "point_size": 0.001, "point_opacity": 0.9, "polylines_points": [], "polylines_colors": []}