{"filename": "pyntcloud_plot", "camera_position": [8.816185437729908, 11.660254403927771, 35.272117614746094], "look_at": [0.33798485442257914, 1.4284127765263717, 8.586853794723226], "point_size": 0.001, "point_opacity": 0.9, "polylines_points": [], "polylines_colors": []}