{"filename": "pyntcloud_plot", "camera_position": [17.350768961109047, 5.49579439561481, 27.49721908569336], "look_at": [0.005681197412343628, -1.6004155065514534, 8.903210052471119], "point_size": 0.001, "point_opacity": 0.9, "polylines_points": [], "polylines_colors": []}