{"filename": "pyntcloud_plot", "camera_position": [19.995938587870103, 9.52517518854992, 35.293846130371094], "look_at": [-1.3266058018191778, -1.6872420841063482, 10.70386119261495], "point_size": 0.001, "point_opacity": 0.9, "polylines_points": [], "polylines_colors": []}